"FilePath","Encoding","LineEnding"
"E:\Dropbox\GitHub\SutWxApp\docs\??????.md","UTF-8 with BOM","LF"
"E:\Dropbox\GitHub\SutWxApp\docs\??????_20251130_1530.md","UTF-8 with BOM","LF"
"E:\Dropbox\GitHub\SutWxApp\docs\00-????\01-????.md","UTF-8 with BOM","LF"
"E:\Dropbox\GitHub\SutWxApp\docs\00-????\02-????.md","UTF-8 with BOM","LF"
"E:\Dropbox\GitHub\SutWxApp\docs\00-????\03-???.md","UTF-8 with BOM","LF"
"E:\Dropbox\GitHub\SutWxApp\docs\00-????\README.md","UTF-8 with BOM","LF"
"E:\Dropbox\GitHub\SutWxApp\docs\01-????\00-??????.md","UTF-8 with BOM","LF"
"E:\Dropbox\GitHub\SutWxApp\docs\01-????\01-????.md","UTF-8 with BOM","LF"
"E:\Dropbox\GitHub\SutWxApp\docs\01-????\02-??????.md","UTF-8 with BOM","LF"
"E:\Dropbox\GitHub\SutWxApp\docs\02-?????\01-????.md","UTF-8 with BOM","LF"
"E:\Dropbox\GitHub\SutWxApp\docs\02-?????\02-????.md","UTF-8 with BOM","LF"
"E:\Dropbox\GitHub\SutWxApp\docs\02-?????\03-????.md","UTF-8 with BOM","LF"
"E:\Dropbox\GitHub\SutWxApp\docs\02-?????\README.md","UTF-8 with BOM","LF"
"E:\Dropbox\GitHub\SutWxApp\docs\03-?????\01-??????.md","UTF-8 with BOM","LF"
"E:\Dropbox\GitHub\SutWxApp\docs\03-?????\02-??????.md","UTF-8 with BOM","LF"
"E:\Dropbox\GitHub\SutWxApp\docs\03-?????\03-API????.md","UTF-8 with BOM","LF"
"E:\Dropbox\GitHub\SutWxApp\docs\03-?????\04-API????.md","UTF-8 with BOM","LF"
"E:\Dropbox\GitHub\SutWxApp\docs\03-?????\05-???API??.md","UTF-8 with BOM","LF"
"E:\Dropbox\GitHub\SutWxApp\docs\03-?????\06-??????.md","UTF-8 with BOM","LF"
"E:\Dropbox\GitHub\SutWxApp\docs\03-?????\07-????.md","UTF-8 with BOM","LF"
"E:\Dropbox\GitHub\SutWxApp\docs\03-?????\08-????.md","UTF-8 with BOM","LF"
"E:\Dropbox\GitHub\SutWxApp\docs\03-?????\09-??????.md","UTF-8 with BOM","LF"
"E:\Dropbox\GitHub\SutWxApp\docs\03-?????\README.md","UTF-8 with BOM","LF"
"E:\Dropbox\GitHub\SutWxApp\docs\04-????\01-????.md","UTF-8 with BOM","LF"
"E:\Dropbox\GitHub\SutWxApp\docs\04-????\02-????.md","UTF-8 with BOM","LF"
"E:\Dropbox\GitHub\SutWxApp\docs\04-????\03-????.md","UTF-8 with BOM","LF"
"E:\Dropbox\GitHub\SutWxApp\docs\04-????\04-????.md","UTF-8 with BOM","LF"
"E:\Dropbox\GitHub\SutWxApp\docs\04-????\05-???????.md","UTF-8 with BOM","LF"
"E:\Dropbox\GitHub\SutWxApp\docs\04-????\06-????.md","UTF-8 with BOM","LF"
"E:\Dropbox\GitHub\SutWxApp\docs\04-????\README.md","UTF-8 with BOM","LF"
"E:\Dropbox\GitHub\SutWxApp\docs\05-????\01-????????.md","UTF-8 with BOM","LF"
"E:\Dropbox\GitHub\SutWxApp\docs\05-????\02-????????.md","UTF-8 with BOM","LF"
"E:\Dropbox\GitHub\SutWxApp\docs\05-????\README.md","UTF-8 with BOM","LF"
"E:\Dropbox\GitHub\SutWxApp\docs\06-????\01-FAQ???????.md","UTF-8 with BOM","LF"
"E:\Dropbox\GitHub\SutWxApp\docs\06-????\README.md","UTF-8 with BOM","LF"
"E:\Dropbox\GitHub\SutWxApp\docs\07-????\01-??????.md","UTF-8 with BOM","LF"
"E:\Dropbox\GitHub\SutWxApp\docs\07-????\02-????.md","UTF-8 with BOM","LF"
"E:\Dropbox\GitHub\SutWxApp\docs\07-????\README.md","UTF-8 with BOM","LF"
"E:\Dropbox\GitHub\SutWxApp\docs\08-TODO??\01-????.md","UTF-8 with BOM","LF"
"E:\Dropbox\GitHub\SutWxApp\docs\08-TODO??\02-??TODO??.md","UTF-8 with BOM","LF"
"E:\Dropbox\GitHub\SutWxApp\docs\08-TODO??\README.md","UTF-8 with BOM","LF"
"E:\Dropbox\GitHub\SutWxApp\docs\09-?????\01-????.md","UTF-8 with BOM","LF"
"E:\Dropbox\GitHub\SutWxApp\docs\09-?????\README.md","UTF-8 with BOM","LF"
"E:\Dropbox\GitHub\SutWxApp\docs\10-????\README.md","UTF-8 with BOM","LF"
"E:\Dropbox\GitHub\SutWxApp\docs\11-????\01-?????????.md","UTF-8 with BOM","LF"
"E:\Dropbox\GitHub\SutWxApp\docs\11-????\02-??????.md","UTF-8 with BOM","LF"
"E:\Dropbox\GitHub\SutWxApp\docs\11-????\03-??????.md","UTF-8 with BOM","LF"
"E:\Dropbox\GitHub\SutWxApp\docs\11-????\README.md","UTF-8 with BOM","LF"
